x1,x2,y
1.9567618434820917,0.4919269604588269,1.0
0.971726757223846,0.29910068717999727,-1.0
0.8996362045847247,0.237037284158925,-1.0
1.316399631649827,-0.4453370669062765,1.0
0.8849936052513616,-0.4041239363788662,1.0
1.3188966464446172,-0.33981706959489666,1.0
0.7047863988721634,0.749300476918241,-1.0
1.6621696462202076,-0.38677734614018733,1.0
-0.904014722014093,0.3287335365481677,-1.0
-0.14722368070590555,0.8671307877796126,-1.0
-0.595686269830948,0.6132973894693562,-1.0
-0.3584114267047286,0.826095904450414,-1.0
0.7878184308694486,0.5246045137387669,-1.0
-0.39811481948701066,0.9571781342092034,-1.0
0.5185708244819811,0.8819453919179384,-1.0
0.9254075256461752,0.20339098352823376,-1.0
-1.0165107751195797,0.30310319971045385,-1.0
0.8792051050652544,0.5397602228447294,-1.0
0.6014409679332928,-0.5656471987864963,1.0
1.2891024394089008,-0.5206148460646142,1.0
1.0255751855648314,-0.3441689363425574,1.0
0.2691443483657117,0.9736076432484023,-1.0
-0.35412347477453177,0.9414349478303026,-1.0
0.8138171671244832,0.38757305697410305,-1.0
-0.8173135910981193,0.5563811812822789,-1.0
0.1443575753002121,-0.014656286610831765,1.0
0.3968362508129801,-0.2517429053324937,1.0
1.0011739575710352,-0.196612185507606,-1.0
0.6111534972388163,0.9216155572087564,-1.0
1.7474505688168045,0.08067997598340204,1.0
1.0582696931694364,-0.22423041959841794,1.0
1.7765829188148183,-0.09229387679968043,1.0
0.19463807194425667,-0.2327444468863395,1.0
1.9612947883234402,0.39295531399619343,1.0
0.6616408374643448,0.4063501879418099,-1.0
1.9741393468826174,0.46670180391488825,1.0
0.8995543492107645,0.6187076924538375,-1.0
0.8977325716756546,0.5951948719997138,-1.0
-0.9406783379519402,0.6479613757446712,-1.0
1.880680237823663,0.02275461727130757,1.0
1.1474834923586221,-0.508545526897316,1.0
0.8416910189043185,-0.3386750308423866,1.0
0.6835427163472726,0.8560936389421112,-1.0
-0.81062133222051,0.6442921405547155,-1.0
-0.746382861931179,0.6729227012328118,-1.0
1.4118874868289766,-0.4446343983999433,1.0
-0.07471447063362294,0.22802990306580118,1.0
1.1889436734526468,-0.4893056912407385,1.0
0.12129502594513095,0.9614617334647774,-1.0
0.03176498620047789,0.3035433298866876,1.0
-1.0282768609987425,0.4457520015459013,-1.0
0.47193361132388983,-0.21735700323373217,1.0
-0.6643776371963951,0.7973631366444648,-1.0
0.9156396538209048,0.012114184524977062,-1.0
0.040964073379299026,0.027239318240668844,1.0
2.0432490292172205,0.2735097375952262,1.0
1.146222487805633,0.05274722543601215,-1.0
-0.01851188323952968,-0.11273106334458531,1.0
-0.09890317387431732,0.37508524820274186,1.0
1.8976265810886481,0.21255529949809604,1.0
-0.5488369879868737,0.7118819900076664,-1.0
1.7643128271727653,-0.3036796752787075,1.0
0.17873189935775086,1.0038416286496101,-1.0
-1.239659930180345,0.19691684541438964,-1.0
0.37729620688102045,0.9345244228485947,-1.0
-0.8605901190655145,0.0015028014175305013,-1.0
1.2198917583570028,0.0371062475111519,-1.0
0.9541201636802836,0.28036994692059164,-1.0
0.6014176818226886,0.8106451744918749,-1.0
-0.8183693895137832,0.6158584055403861,-1.0
0.5608108328998789,0.8876417183270943,-1.0
2.0529829275671454,0.10604415399922958,1.0
2.0734946091233253,0.37873481557973376,1.0
-0.9454629085670312,0.04704753184459705,-1.0
0.215488514200623,-0.18778739937508857,1.0
-0.8911899593891569,0.3781194715472418,-1.0
0.6252024238840461,0.8114781324329955,-1.0
1.7800765191938432,-0.17992392647365865,1.0
1.8117343382594404,-0.0028115140200890842,1.0
-0.13920328851398198,0.988837112146793,-1.0
-0.8012241594318962,0.5857671451268531,-1.0
1.8425571892855572,0.06077536683865223,1.0
1.4136014380529174,-0.40464327677569234,1.0
-0.059205332805760694,0.8071142086081082,-1.0
1.1847735704282503,-0.49788698150257565,1.0
1.0724154433974638,-0.5406597983792101,1.0
0.5037843563474217,0.7024394995917336,-1.0
1.4316627731231015,-0.21000342240379302,1.0
1.448047045506066,-0.491721116923357,1.0
0.9465523354496563,0.17072547151313314,-1.0
2.232341041943986,0.4051356119281926,1.0
1.7443682785343353,-0.18234927772317394,1.0
0.490774363902924,0.9809181403172074,-1.0
0.8748456859235877,-0.46386982454226433,1.0
0.9400283714131475,0.43745741252572495,-1.0
0.07680464617613772,0.08026857987193348,1.0
-0.9452170773398667,0.2551813931120177,-1.0
-1.0889918550599462,0.36481554810432937,-1.0
-0.07005588774363884,0.02033130339730227,1.0
0.7833227824998072,0.8500255428350604,-1.0
-0.6504871005154611,0.4419243295435813,-1.0
-0.7903593827482454,0.5830827087910582,-1.0
0.9047934481319517,-0.5145372223611453,1.0
1.9146380313666165,-0.04293739414797189,1.0
0.07201248879707153,0.966593576763493,-1.0
1.8842074810239104,0.5311816459763271,1.0
0.19859166372390732,1.0399320706375623,-1.0
0.5251635950569195,0.8929430064433453,-1.0
-0.6853359899609114,0.7438804803483232,-1.0
0.686593605937345,0.6594465001008926,-1.0
1.037123418118798,-0.5202743106002767,1.0
-0.28338188916503754,0.8790717926872563,-1.0
0.0827723582329114,0.9421293196736285,-1.0
0.07576006353998736,0.5052384323058617,1.0
-0.23241220425668938,0.9423576941356157,-1.0
0.8439791112303323,-0.021189311456087656,-1.0
0.4016718252769463,-0.13523068229425605,1.0
-0.7947642517394058,0.6445260635753219,-1.0
-0.9149268238356412,0.5533054686010515,-1.0
-0.8167059826533358,0.26795929373486926,-1.0
0.635155376576142,0.72728161075799,-1.0
0.1982278280965616,0.30502951471427353,1.0
0.0002318734095552652,0.27110507826186225,1.0
0.8201365861122645,-0.008887706841041398,-1.0
1.5517435382182876,-0.42545498172803475,1.0
0.2846974448626175,-0.2470979220771557,1.0
1.0556604094236197,-0.39939185078212314,1.0
1.6882465277129026,-0.15987128668064932,1.0
0.24964703446851913,0.9913661624347176,-1.0
-0.43264450780761565,0.7635666754235293,-1.0
0.6153568760056877,1.0290246583394325,-1.0
0.659767674049127,-0.2554486996240268,1.0
0.2953282754225205,-0.21621515986603884,1.0
0.3718755077736663,-0.1928412048509212,1.0
0.6059057420427589,-0.3901360475779104,1.0
-1.1762682650349001,0.38307911891828794,-1.0
0.24592618705860628,-0.19762933131565563,1.0
1.3700875391376421,-0.3703472175805254,1.0
-1.0560585422332074,-0.02138877685540673,-1.0
-0.9738159105441564,0.6653313338938015,-1.0
0.7381806248011289,0.691157395639793,-1.0
1.0550105201603506,0.41392868278325357,-1.0
0.37728486350520146,0.06613826675948484,1.0
-0.35583836998271157,0.7479209098216986,-1.0
0.9452558115984431,0.4385841346180688,-1.0
0.4835291001926069,0.6295597636306223,-1.0
1.0866201235923487,-0.4312026075679051,1.0
-0.7712878610186485,0.44722015327615194,-1.0
-0.9926012888461172,0.3440392418123174,-1.0
0.25038244897880024,-0.32173036641021285,1.0
-0.2702792768486372,1.019075623087906,-1.0
0.2224073124136417,-0.19959642850468864,1.0
-0.9573183369269687,-0.10994893192296651,-1.0
0.8575819011813588,-0.3964501138511089,1.0
0.0068701246465730816,0.042049021581888,1.0
2.0188525890768956,0.5957942583841952,1.0
1.1834222041606923,-0.5663687108249442,1.0
0.44870562263343605,0.9553763065575875,-1.0
0.2474446237384258,0.9802619114616592,-1.0
0.40454371297154135,1.0263688281210357,-1.0
-0.5940359708644217,0.8565968025187773,-1.0
0.19910810334192838,-0.21858588031736062,1.0
0.6867226011003059,0.4529332736046987,-1.0
-0.020539241459729428,1.0174611246673593,-1.0
1.0302769335120914,0.021268370136753673,-1.0
1.687085109725767,-0.2446425370545834,1.0
1.7357588668255928,-0.0027798244108175676,1.0
1.0041073359427395,0.03520878834678361,-1.0
1.8022288546831562,-0.15527600182820558,1.0
1.8546081195714468,-0.23876048076437315,1.0
1.0198897395536881,0.2829516846819619,-1.0
0.11106104008598225,0.9824007368496221,-1.0
0.9590832835110342,-0.07540435129410691,-1.0
0.24211854533679633,-0.10155004979338433,1.0
1.3301347524532816,-0.36041401848982835,1.0
2.054661193883194,0.4676194646444403,1.0
0.5274967087056184,0.44760994327721426,-1.0
0.3102349584951985,0.8201987844923886,-1.0
1.0364099830932778,-0.38702635704864036,1.0
0.42090793067533183,-0.5530209671368832,1.0
-0.9599251653597108,0.3264360484356491,-1.0
0.34615795032114816,-0.3320524722354605,1.0
1.7417197312809458,-0.17406406286658288,1.0
0.4278272992986732,-0.37385112564746076,1.0
1.5996570531722798,-0.1893022026499985,1.0
0.17274836032055477,0.8865854565229484,-1.0
-0.688857000145134,0.3584702858103861,-1.0
1.709583248333133,-0.15283370394714485,1.0
-0.6794176240517065,0.611250128119184,-1.0
0.5493243277094347,-0.3782169646858372,1.0
0.24344785800810254,-0.20160017217148282,1.0
0.03558461172347255,0.17578050734770628,1.0
-0.19637015305058064,0.9612226563848452,-1.0
0.8290972872083067,0.5990261903371447,-1.0
2.083221984333372,0.5065507880744675,1.0
0.9911700600831431,-0.48356532752889864,1.0
-0.796887926983997,0.7078278530461307,-1.0
-1.0220222317606233,0.228155135484927,-1.0
1.2319668094167973,-0.3409443697028179,1.0
0.35215400448535783,-0.4208511623426615,1.0
0.7718426666248175,0.40924323987302236,-1.0
1.156128387696619,-0.5644942251854371,1.0
0.7901513313149982,-0.4313197887599165,1.0
-0.18630847582052074,1.009017674590013,-1.0
0.9868255470598104,0.2477826547752987,-1.0
-0.4692655618258124,0.7724724025812454,-1.0
0.6197346879962681,-0.32606219008636045,1.0
-0.7061547642772527,0.8293911404779827,-1.0
0.047835592307917306,0.12543472824326296,1.0
1.2818760667134872,-0.33283220394262847,1.0
-0.8601287077002603,0.5291849485929955,-1.0
-0.05063501958245064,1.0435831825346367,-1.0
0.08190743304845369,0.9360849030172704,-1.0
0.2404410314868911,0.031525865980452816,1.0
-0.8130474985139111,0.3527153622460472,-1.0
1.4512861435195563,-0.37521012769257,1.0
1.527304485693205,-0.5256119181768346,1.0
0.6047405690312285,0.7439494229051408,-1.0
0.8901446771131831,0.42378214838916334,-1.0
0.9476617074034264,0.4207198144734955,-1.0
0.08069781547057395,0.34565997145104155,1.0
0.6313964668984697,0.6247267898904735,-1.0
0.6806157550703318,0.8408135792931271,-1.0
-0.8524160030229365,0.6358695982749507,-1.0
0.49121295572140067,0.991621611340304,-1.0
0.9070110318921346,0.5325079350616537,-1.0
0.1453468344994201,0.25133178421303437,1.0
0.0826116030732281,0.585005333262798,1.0
-0.05027524327299805,1.0721240205790703,-1.0
-0.3326172176002437,1.0389520333525715,-1.0
-0.4680614797196819,1.0471762628721812,-1.0
-0.02165333510519611,0.14519645888588023,1.0
0.7437032875601246,-0.38364834418215327,1.0
1.800465993753122,-0.22380284358745933,1.0
1.5764785424039407,-0.2551100679088591,1.0
-1.0482729643376663,-0.02283370769797259,-1.0
0.11879571209532735,0.05319160318279798,1.0
0.08258246516386002,0.25250188370332927,1.0
0.8905181694655231,-0.6284567383266024,1.0
0.10068027148590783,0.9102163206328183,-1.0
-1.2119838482746788,0.11756580185629542,-1.0
0.13907126985650184,-0.3801550752393872,1.0
0.6423149403281836,-0.5419882506207554,1.0
0.9614984836578111,0.273184295903045,-1.0
-0.11243286349751579,1.0235031981865177,-1.0
-0.5571636204204258,0.8658206967243924,-1.0
0.010072830418186313,0.1518983854347794,1.0
1.65752871807491,-0.30923503731900703,1.0
0.8497695695722551,0.13783109864564203,-1.0
0.26865082527848694,-0.41468418401377355,1.0
0.7640905783363168,0.33977757711820256,-1.0
0.16570360146838667,0.4313013198041927,1.0
-0.5722655442771665,0.5953541489913807,-1.0
1.1237989640485548,-0.6331859622685148,1.0
0.7465941177754926,-0.5595655383141094,1.0
1.0406782924499862,-0.6060631546270816,1.0
1.7812234159683664,0.07217800937271343,1.0
0.5201861552049941,0.938287976569117,-1.0
1.1123869369364008,0.015897268321974536,-1.0
1.1447323980020168,-0.5283668784403778,1.0
-0.03432248544977749,0.3283258803536977,1.0
0.034386569949057935,0.03329764994073302,1.0
-0.315668550091722,0.9242827366069836,-1.0
1.8497701465713845,-0.1676453460708585,1.0
0.7927009374466186,-0.5418928723834912,1.0
1.9577495146316748,0.13362760149534963,1.0
-0.11232509639325311,0.11567963821365694,1.0
0.2763000758429583,1.0671848430755182,-1.0
0.6259907850594217,-0.5501997303787529,1.0
0.8087635067855381,0.08666430322735197,-1.0
0.891762715895141,0.3718849618288508,-1.0
0.037844516968179545,0.14936107555683878,1.0
1.6384322937275415,-0.25099003125267716,1.0
-0.2113029690499372,0.9452061816496697,-1.0
0.49331960541608527,-0.3127449252205532,1.0
0.0567844321710918,0.8107697274204516,-1.0
1.8929457395436668,0.17292461959038008,1.0
1.421075970342686,-0.3688013382242557,1.0
0.30562176434217114,0.015332147102125465,1.0
0.321706786809666,-0.1300567725905693,1.0
-0.7305431705442778,0.8046609380235799,-1.0
-0.7522731261824178,0.08077260765531175,-1.0
-0.5547351544019972,0.7002382556965416,-1.0
1.8056001019057202,-0.2783914700552419,1.0
1.7403197016451923,-0.43287070886300527,1.0
-0.251471995924926,0.9738496317718711,-1.0
0.2718408240894887,0.9875236545422073,-1.0
-0.6909292784607117,0.7717695266207307,-1.0
-0.21272043048266676,0.10957221494271233,1.0
0.9600443823203951,0.5063101205428233,-1.0
0.38154743516192297,-0.3110053879889899,1.0
-0.8706237304596983,0.34087830768794664,-1.0
2.0328531055658714,0.22859173870936167,1.0
-0.7461849332037382,0.4928062703025257,-1.0
1.4087674355777395,-0.5852646834060812,1.0
0.30776548004951365,0.9684756219209059,-1.0
0.519707325735638,0.7722936587174904,-1.0
1.2452260968340134,-0.557126287272866,1.0
1.8097043839519542,-0.411573607017962,1.0
-0.005907674948156402,0.9691191455545862,-1.0
0.913582666834448,-0.3918935200560355,1.0
0.7739264533907239,0.6490962334077243,-1.0
-0.0036545079844316312,0.42820841064147275,1.0
0.7852293147862303,0.8284352142477828,-1.0
0.7152968457620422,0.6856088661365037,-1.0
1.9506701235440211,0.42019077407711225,1.0
0.6643267664647178,-0.5296966270082906,1.0
-1.015305131802958,0.4346298631610454,-1.0
-0.9756340654713949,0.3848411831169672,-1.0
0.18793019175844816,0.15799071612922888,1.0
0.35367383363132787,-0.5319382580553002,1.0
-0.41909069692703266,0.9712350922893606,-1.0
0.005589392703085422,0.1112183397600836,1.0
0.7586617237646534,-0.45167227061190984,1.0
-0.6850453509994922,0.6656541246446307,-1.0
0.12141332033775556,0.7928483588869174,-1.0
1.9302316101412313,0.047267599175305854,1.0
-0.03500129399382981,0.25972425225428875,1.0
-0.5794190569175958,0.7649988326473569,-1.0
0.19793790824492352,-0.1874032281489678,1.0
0.4206397471842094,1.0661226974356712,-1.0
0.9894779834073433,0.19818500359783853,-1.0
-0.16297985090638806,0.9767287995352555,-1.0
1.5069633938663096,-0.42870999613501226,1.0
-0.6188315092298211,0.9733753772782182,-1.0
1.044639811465277,0.27083798239863804,-1.0
0.07325621397655613,0.14149882740285386,1.0
0.2521232094297656,-0.23264137616338523,1.0
0.4853895594480896,0.9450165754067558,-1.0
0.4655410084127705,1.0682947732736132,-1.0
0.6767827009011788,0.6793873804477636,-1.0
1.975184371373576,0.2020619159011396,1.0
0.21352893400701817,0.2934342381017764,1.0
-0.005041534005685383,1.0465290570902244,-1.0
-0.07798288733958336,0.09600255686076173,1.0
0.9455720285477314,0.32518545535485777,-1.0
0.7319530158864103,-0.5669065505450971,1.0
-1.0153612096676792,0.2859521822592088,-1.0
0.6839800611449294,0.501301703291931,-1.0
0.38256450054123414,-0.43025262452336105,1.0
1.1015573142978652,-0.4884570920240434,1.0
0.4043637221160548,-0.2135738373908365,1.0
1.2693577482599214,-0.5944151228478808,1.0
0.4803972268167187,0.8917199880857629,-1.0
0.8859345820253006,0.3808445533415724,-1.0
1.4091537109996095,-0.25081599474129757,1.0
1.2462271487089887,-0.39860462692962156,1.0
-0.6713596183050058,0.6338507091912097,-1.0
-0.7139223431434156,0.6471929360874972,-1.0
0.6012985442760577,-0.5264007426478822,1.0
0.1283148696393746,0.36391200314982736,1.0
1.5923066761649178,-0.18281305798710867,1.0
0.7044721548595755,0.6369093817593726,-1.0
2.039188895977091,0.23585319759985662,1.0
0.8829359526410512,0.667212467698821,-1.0
0.5118157787300994,-0.3209434899653498,1.0
0.7751559457326146,0.29218001116045983,-1.0
1.9623631921278135,0.11413960164961179,1.0
-0.9520496191577767,0.09035848042308892,-1.0
1.9550078209815074,0.24541597063621415,1.0
-0.7675083008795126,0.7535320842714767,-1.0
1.7308795090654367,0.16491974995356973,1.0
-0.4157634475079435,0.9046746013422585,-1.0
1.768740480088713,-0.035624889899878304,1.0
-0.6762509477769707,0.6274351851920443,-1.0
0.5015725992704654,1.0601351123328315,-1.0
0.185454765443238,0.27910357297469435,1.0
-0.7240575515053951,0.7742702690674808,-1.0
-0.3707252373446751,0.8193472197031496,-1.0
0.7392208843993112,-0.6061473658412201,1.0
1.8922605515808606,0.18590372029694288,1.0
1.0781646083066487,0.17648387378888034,-1.0
0.7662766074163718,0.17602872745247877,-1.0
0.5335920495691129,-0.3916283916337156,1.0
-0.06397767028455148,0.9651492758329344,-1.0
0.9275774339470959,0.7967662547587727,-1.0
0.4448248473737973,1.095997862068918,-1.0
2.103335830912426,0.35949384916148386,1.0
0.42705538801993465,-0.4476009526860436,1.0
0.1515226903457899,1.1347770372876658,-1.0
1.6607107625979527,-0.14925413535533943,1.0
1.7770817364284115,0.024437837138414548,1.0
1.05040276789702,-0.5893085144332082,1.0
0.7398077775136975,-0.4504680198523283,1.0
0.8772235630118783,-0.40749459999473736,1.0
0.2970772259491158,-0.04755716463848562,1.0
1.047276116956776,-0.4503908075469565,1.0
-0.6629008621382425,0.6451294260051301,-1.0
0.5744361510673297,0.8340231714929098,-1.0
-0.5788254682595123,0.7506473092779045,-1.0
1.0358123539946118,0.2757688255940707,-1.0
0.5458188005586531,0.7958181780213803,-1.0
1.960110133321732,0.2619346114062129,1.0
-0.822804752103728,0.6856539537183014,-1.0
-0.25789897026450603,0.7171257110291956,-1.0
0.8066119541041058,-0.618540896926126,1.0
0.021237868143345547,0.6812250757615246,1.0
0.09068113115564984,-0.1446287947205903,1.0
-1.1093798634621321,0.43428085486442475,-1.0
0.7877457448156064,0.8898920033169523,-1.0
0.9201514848868635,0.720526115258807,-1.0
1.266700557437337,-0.4729663515083179,1.0
0.9170849208077381,-0.6540072962171373,1.0
0.5079005644037687,-0.4379507008836002,1.0
0.7481209530263891,0.3553908957623922,-1.0
0.25683287152284723,1.0172714765984199,-1.0
0.13816104850571445,0.9541624129999984,-1.0
-0.9098163377364319,0.1610260160619686,-1.0
1.8586920778295475,0.09549638950533457,1.0
0.7789914857491148,-0.49946322124194537,1.0
0.7892440408993167,0.6846299264205363,-1.0
0.7032968186569558,0.7251594271635302,-1.0
1.9295703261600639,-0.0527146812460378,1.0
0.444288031442139,0.894652589906601,-1.0
-0.9889338417293844,0.166959075869656,-1.0
1.6339124230055966,-0.48562130726725183,1.0
0.9236571900871957,0.14611707889831232,-1.0
0.6653714372133998,-0.29745515399112604,1.0
1.2674613248350715,-0.38387679961625737,1.0
-0.4392409910294837,0.7564550937877315,-1.0
-1.0279395786909598,0.03714760460181983,-1.0
0.6268905414241872,0.8576815572765314,-1.0
1.2927345009080295,-0.469283269504266,1.0
0.9847605852476884,0.21872905658490388,-1.0
2.024812565040513,0.3563095984475878,1.0
0.06039099695864136,0.03262763658579257,1.0
1.9685565071725286,0.17958123422001077,1.0
-0.11647189284025258,1.0513747654734331,-1.0
-0.9416251750431779,0.507738403572102,-1.0
0.15860257701348274,0.25480372304175936,1.0
0.8454532090452141,0.19362953398764662,-1.0
-0.3184900406661455,0.9174220576184265,-1.0
-1.029466248838072,0.1354265598143119,-1.0
-1.0243659116525243,0.07338094857634689,-1.0
-0.2740698993681449,0.9416867896210684,-1.0
-0.7383818820486926,0.7059256959251545,-1.0
0.420709706650112,-0.4335056999631367,1.0
0.13163437942231643,-0.008920389301867691,1.0
1.6783331067280784,-0.19700095115001579,1.0
-0.4973626920382089,0.9875402847104924,-1.0
1.196032453779512,-0.30509671682868644,1.0
-0.9568004154606929,0.017133958701965924,-1.0
0.14710034270258016,-0.27963951539820897,1.0
1.9174832778890338,-0.4019595352106466,1.0
0.1447881315781375,0.8388196878181874,-1.0
0.08280035800013602,0.022503371672586907,1.0
0.7752114849945875,-0.5185553355741606,1.0
-0.09405095808342878,0.4312045651347466,1.0
0.06476357873013261,1.01447994869052,-1.0
-0.4153741072994073,0.831762103632935,-1.0
1.6536672741892355,-0.22318426652105586,1.0
1.175350590647044,0.11466710224712313,-1.0
1.9243280799890328,0.37887843274008187,1.0
1.6123784884573467,-0.3627328601457706,1.0
0.5562403143377304,-0.558640883988595,1.0
1.5943432835553804,-0.41503241243526207,1.0
-0.8013804886831148,0.7200284333607352,-1.0
0.1742528001207898,1.0573992648585993,-1.0
1.7363852650121114,-0.08298304599102617,1.0
0.6342777214690071,-0.4723269785559539,1.0
1.834157964512533,0.4580058608723312,1.0
1.8902282199779936,0.026863616253575473,1.0
1.7260243949154195,-0.037809686262324324,1.0
1.592472634498347,-0.32770811444900333,1.0
-0.5804564692728571,0.675309510834722,-1.0
0.10371952089472239,0.9143653552936533,-1.0
-0.17908767114912355,0.7714978611128511,-1.0
0.5372164349348406,-0.3588594855238828,1.0
0.20224998488684215,0.8132666361720371,-1.0
-1.1104350956483222,0.36042011439818616,-1.0
0.15056746179722852,-0.12636783229681875,1.0
0.924828078539745,0.0953525485262284,-1.0
1.3158094040391273,-0.3661384917470742,1.0
-0.677485021226698,0.6508436938674507,-1.0
0.01583182600747872,0.4017484043336326,1.0
0.4414880770084545,0.9688726767436029,-1.0
0.653501398886909,-0.4916737339370463,1.0
1.8602393978968892,-0.10327168707313972,1.0
1.6949972659637822,-0.5119807443162204,1.0
1.0716031826829435,0.27954107825329655,-1.0
0.2208330567147549,-0.029686908635952972,1.0
-0.2465776669071596,1.036021656519336,-1.0
-0.3226377943337074,0.8995360598328678,-1.0
1.8391696062445155,0.1111816019237401,1.0
1.9874635137352201,0.15672438365617902,1.0
1.9926951767329104,0.18191362563307498,1.0
0.06172241907885496,0.044873373390199964,1.0
1.571602113268217,-0.37778106784072485,1.0
0.8180967441799517,0.5822188739192857,-1.0
0.9284797447983875,0.3715407807075715,-1.0
0.6186959875999009,0.8511900850660815,-1.0
-0.9908697944258504,0.28747320560513084,-1.0
0.3313143878058711,-0.18741487403557996,1.0
0.7005397974720603,0.943611061813715,-1.0
-0.044271973628036074,0.2613509805772052,1.0
-0.44389690210872873,0.8980967332816066,-1.0
0.5675662814649419,0.8887815416085022,-1.0
1.9281550331882715,0.19017750524735902,1.0
0.8392108208067938,-0.3348979351472628,1.0
0.6185260242765991,0.7235400957968634,-1.0
1.3692098410694336,-0.32011231649651145,1.0
0.46513754472448376,-0.2925191570203407,1.0
0.033704772437413044,0.9027084832704911,-1.0
0.6438294479835712,0.7883160281654389,-1.0
0.6962413326214366,-0.48640263804978834,1.0
0.6663977688835828,0.9017574040206444,-1.0
0.25996715202530307,0.07506847311319165,1.0
0.5563936116532491,-0.4079474286918492,1.0
1.6330554286955434,-0.3506048764210065,1.0
-0.842322813751699,0.41058832956835034,-1.0
-0.849164971856684,0.7966063275310848,-1.0
0.26581809783911114,1.0409717489738577,-1.0
0.08484996659565278,1.114687347368766,-1.0
-0.7906964844926265,0.23774392003199193,-1.0
-0.2861040833620117,0.8997284953096569,-1.0
0.5838294445924326,-0.32675499000139685,1.0
0.9201685997162065,-0.29420090208732697,1.0
-0.7468318957682246,0.8727377340896698,-1.0
0.9935779443541813,-0.5356300575320324,1.0
1.0570709390930864,-0.5548311622816535,1.0
-0.968210155900797,0.17438400104460808,-1.0
1.0157076348577752,0.25735575310830383,-1.0
0.7108509823446113,-0.2756775711820912,1.0
-0.49182213637392214,0.8003621773517622,-1.0
0.11873485132606695,0.09676130710396283,1.0
-0.8980772429151045,-0.035807737308527945,-1.0
-0.16092773080353467,1.0722450866167303,-1.0
-0.45379242753833304,1.0292815331748981,-1.0
1.6130716170501707,-0.5645914105218467,1.0
1.100359805770966,-0.5580367395834783,1.0
1.9233764655256824,0.2638592979915524,1.0
1.1484231416907955,-0.41349204716253485,1.0
1.8477945141394443,-0.2224308601506021,1.0
0.7852328261448033,0.5074155608947549,-1.0
0.19043733701334895,0.1620593681891133,1.0
0.8488338993179566,0.5061462210645603,-1.0
-1.0420982320510124,0.026843888132293197,-1.0
1.5058232151477855,-0.5253247605050697,1.0
0.7906292631611467,0.8373519321674117,-1.0
0.08002721349468035,0.010132374484070256,1.0
1.7846171139676446,-0.22971016960494403,1.0
1.3802970097933374,-0.24659994172971234,1.0
-0.2538065136998937,1.0148898774043322,-1.0
0.7573374117727639,0.39846259758664776,-1.0
0.3245505504364534,0.9608903814502316,-1.0
0.14867233277651654,0.42502135553488213,1.0
0.0875766878100331,0.48139243993228586,1.0
1.2260743358891928,-0.3074176306632889,1.0
1.4324579285404464,-0.4492505184495807,1.0
0.4585984163427529,0.8877975995072073,-1.0
1.0705805446190269,-0.5249095640578992,1.0
0.6448407709424497,-0.5911769864621256,1.0
1.0687387140434568,-0.696677996919394,1.0
-0.09238722580400538,1.096958562560541,-1.0
1.563473984193736,-0.5726155503281437,1.0
0.8737780023487316,-0.4669149554621641,1.0
1.0477025286838213,0.17100603167106163,-1.0
0.6157380977033979,0.7245926126164622,-1.0
0.3578720531686996,0.911422051884615,-1.0
1.4104533267796047,-0.4548787605468174,1.0
-0.9771213286592901,0.5246179835666891,-1.0
1.1680620338611858,-0.5288643688391103,1.0
0.4638330129979471,-0.1778311061369825,1.0
0.8716039097148189,0.2166565692856413,-1.0
0.9364547986386893,0.23507048612499418,-1.0
2.0440121702911096,0.4137517058540173,1.0
0.12033776320795248,0.4404442855160858,1.0
-0.7047196135575353,0.8944229178487703,-1.0
1.10429001301658,-0.5770965394701639,1.0
1.5948011994166713,-0.18919726008396315,1.0
-0.8503518507017496,0.4896716117436716,-1.0
-0.3183834261750792,0.9746516661456668,-1.0
-0.04668275633829019,0.24034405296505915,1.0
0.19190126600472046,-0.005966285187383125,1.0
0.5014415139466355,-0.3669092480331221,1.0
-1.0323921617483673,0.3995732957006853,-1.0
0.5783208226476179,0.928005356388085,-1.0
-0.971917194320243,0.2093405594663769,-1.0
1.896828748105602,0.5086917778052553,1.0
1.9367834280498597,0.3335575979927101,1.0
0.7260775735906297,-0.4107844898660686,1.0
0.5195355181473592,0.8852798629960005,-1.0
1.3844639778383314,-0.3944936739480464,1.0
-0.8123135605802931,0.049636052980174004,-1.0
-0.8303017690176576,0.27066801372987714,-1.0
-0.4284210246835557,1.0680197170050008,-1.0
-0.052716230345351334,-0.025168300104562287,1.0
-0.07838990157786443,0.9653494130755162,-1.0
-1.0572224271282018,0.4699496889393125,-1.0
0.7299109383522199,-0.453808962883547,1.0
-0.6095356824236979,0.8875194869696844,-1.0
1.0206143324303198,0.4228191394314461,-1.0
1.9700278813900964,-0.12877703734668672,1.0
-0.8571353169887735,0.3429954014509281,-1.0
0.8189079644828895,-0.6148540783533752,1.0
0.8677932816823694,0.2608394258144196,-1.0
-0.04985673380144968,1.0805498968432516,-1.0
0.5721548499541217,0.834411602829942,-1.0
1.7975971908676887,0.23967584107320442,1.0
0.966144828443188,0.41007521413680026,-1.0
1.9431882385318127,0.1294865752643664,1.0
-0.010959877194733847,0.873489728084152,-1.0
2.0251540914159314,0.6445658247131694,1.0
-0.8316510010130345,0.38273496737331786,-1.0
1.4485109994123104,-0.29638600895562445,1.0
0.8236714232640803,0.18654470194669603,-1.0
-1.0081064039682441,0.37783314081859054,-1.0
-0.03463800448418396,0.08311002766163404,1.0
1.0659540159679093,0.47319010718117804,-1.0
-0.8703913852143039,-0.06256717088255515,-1.0
-0.18265213696382243,1.1105644095001181,-1.0
1.5394666056547446,-0.19809758042165515,1.0
-0.33274630549368694,0.9064072336422607,-1.0
1.8107717932964902,0.08748092544187011,1.0
0.8515017155333405,-0.6245278057494787,1.0
0.5780038206670066,0.6822658814454642,-1.0
-0.7715717726571836,0.6620677053573529,-1.0
1.8638362661133587,-0.07364514758210655,1.0
0.09063577931026649,0.1816220180528143,1.0
1.029655553180831,-0.49231627007137635,1.0
0.8639839147166447,0.38874177482477135,-1.0
-1.120015092623321,-0.004437502486499791,-1.0
1.576080064450405,-0.45354747988647187,1.0
2.0784966496278185,0.07066534251912816,1.0
1.9358843888008002,-0.1922901390044976,1.0
-0.1179477735032533,0.9538024055895975,-1.0
0.7520541005454374,0.6364683422120739,-1.0
1.2087782469712418,-0.5131000306995326,1.0
-0.20597676487121047,0.21151139874571295,1.0
0.21849832251253176,0.08104997033902842,1.0
0.8296248493957751,-0.5401322785269032,1.0
1.121343711162413,-0.01992751031121875,-1.0
2.046001324122381,0.2879700258928699,1.0
2.028548853070945,-0.08819231995011506,1.0
1.958351959465562,0.3044715245632019,1.0
0.15142298895695522,0.36809208146241046,1.0
0.3528035534109396,0.6916081576102061,-1.0
1.5305798217392819,-0.28120219338175706,1.0
-0.1949204588706622,0.7174614907315405,-1.0
1.969079529024071,0.13405517717752238,1.0
0.3766721158712787,-0.36390737674323403,1.0
-0.7812957581464033,0.7603544724101081,-1.0
0.7872549615280413,0.6025052897162663,-1.0
-0.08522172830338864,0.5134081994530677,1.0
0.9811907315989544,-0.08973154723756134,-1.0
-0.2641596673537934,1.0240102610153017,-1.0
0.14408354799770906,0.009914902677080673,1.0
-1.0751503930909438,0.0201178904927512,-1.0
-1.0780654115240127,0.18215508387409052,-1.0
0.1279764236935442,0.03790828906653148,1.0
0.6840695522941062,0.7510717859780607,-1.0
0.10339019136398969,-0.1329702629229271,1.0
-0.838989564713644,0.3050713335829749,-1.0
0.055233859483398706,0.7374952367491667,-1.0
0.5515952351146328,0.8593209560934991,-1.0
0.8143991114534493,0.5712272464641169,-1.0
1.3079897018010025,-0.2856364902324281,1.0
-0.17716560705190382,0.9422548733904953,-1.0
0.6991602831087038,-0.37056269862438995,1.0
-0.4904187023744677,0.9112429353415371,-1.0
-0.7014038569301996,0.7112540244755209,-1.0
0.6088172049838215,0.9193089514760304,-1.0
-0.11790959046523272,0.37024346311782197,1.0
2.020414860473078,0.24366355838200848,1.0
0.7420142457467956,0.799114923319111,-1.0
0.3071750490762309,0.019106582435818878,1.0
1.1332424482629138,-0.40329149698049555,1.0
-0.96104071505747,0.6857583321174475,-1.0
-0.976237427038387,0.5464246179761792,-1.0
0.6582836080978454,-0.40695033297761984,1.0
-1.036275077763493,0.07137535084342878,-1.0
1.2000970375987101,-0.3485139287168326,1.0
0.22564215429218276,0.8673944396251214,-1.0
0.5466648002403551,-0.5071310644204838,1.0
-0.5754679402784858,0.7846376168088185,-1.0
-0.2826774002879118,1.0626486230209466,-1.0
-0.9879253917482087,0.43139034226862133,-1.0
-0.5246828355947334,0.8318861962202866,-1.0
0.7698746681695121,0.6220268328165856,-1.0
-0.016391486019228442,0.29948336755028565,1.0
0.08460853473827507,1.059165747162482,-1.0
0.2662888861240148,0.9461331937630773,-1.0
-0.32501975685351076,0.9143253067826095,-1.0
0.5121908480904355,-0.15583302984032027,1.0
1.816787242473567,-0.2080744137324956,1.0
0.7665713177268303,-0.5829596154407766,1.0
0.18911449844304845,1.0945241523848002,-1.0
1.905297347790351,0.07929005887388169,1.0
-0.6472781488874927,0.6807365602296092,-1.0
1.9486713432674607,0.4504427135787421,1.0
2.050840966738558,0.3747161326903428,1.0
0.8574341644886959,0.03252200783829476,-1.0
-0.8514525106200019,0.4363562426487491,-1.0
0.9938989894487564,-0.48923905734538503,1.0
-1.0415000532968697,0.21380893938948653,-1.0
0.7590990038634514,0.5860115586413396,-1.0
1.6580702759156094,0.053812382842774786,1.0
-0.5441381883928469,0.8072656521186455,-1.0
-0.397375534874947,0.8357136628861171,-1.0
-0.23046812992535612,1.0601502433229122,-1.0
-0.48708350822509566,0.8983929049639023,-1.0
0.1056460796735249,-0.14867255022858364,1.0
1.7261298371812681,0.15992954075676888,1.0
-0.046456410802210635,-0.09256868068339455,1.0
-0.29652148900640324,0.9337571520854835,-1.0
-0.9234803499348594,0.20537585804372493,-1.0
0.0502225202000384,0.5019765227561316,1.0
-0.7933907896551049,0.5024444134886976,-1.0
0.5167734677005973,-0.2844026244109091,1.0
0.8987060572787975,0.3884324029891755,-1.0
0.45751714211734007,-0.169273786340809,1.0
0.686722757308352,-0.35860187336260624,1.0
1.5255053638170442,-0.4093643874079628,1.0
-0.21213014639997266,1.0300661676882323,-1.0
0.5507628351627281,0.7863510037996191,-1.0
0.3152944094834906,0.9878980338721113,-1.0
-0.009483677918261796,0.2257478810708655,1.0
0.6399220187306139,-0.3322671186906286,1.0
1.7992316983004146,-0.10027624353676323,1.0
2.016795882859039,0.22153539401105182,1.0
-0.6375600709392311,0.6819523339418085,-1.0
0.15270686529498192,0.2814173450552686,1.0
0.6898036028125708,0.6181138225204925,-1.0
1.2872569446544986,-0.32527072992920947,1.0
2.072920250750269,0.3526405671366735,1.0
-1.0351930046712738,0.41961600587489606,-1.0
1.2442372369170842,-0.07019082451327248,-1.0
0.07141854929754232,0.1418521961437288,1.0
-0.2557530360153084,0.9876993699729604,-1.0
2.052666961342303,0.1585145176156258,1.0
1.2588141050280621,-0.3682094900672617,1.0
-0.04418401495557443,0.302511084520362,1.0
-0.6674840111683205,0.9078968498564771,-1.0
0.06834711764912316,0.9044269185974021,-1.0
-0.9325135831730353,0.3401926327334653,-1.0
0.5843535132568876,-0.37020220066961046,1.0
-0.16034186727808777,1.177023965186453,-1.0
1.2165098222152992,-0.4980331903230573,1.0
0.19372605270680698,-0.02388582403889291,1.0
0.7260222545153207,0.6737136598075819,-1.0
0.5314429420945694,0.9266515109236743,-1.0
-0.1425339780440939,1.1762358289500487,-1.0
0.255926436182865,-0.28029550517145563,1.0
0.509566738685898,0.8793223485586285,-1.0
1.2986273550997283,-0.47202807919944206,1.0
-1.0341090208680859,0.2338427197180177,-1.0
1.7329459508379121,-0.3268725757756788,1.0
1.9201330807532697,0.2274537142140519,1.0
-0.9965741152303815,0.6567923491962648,-1.0
0.3037798304859911,0.9170902629009011,-1.0
0.7722598189346999,-0.3087760748997268,1.0
-0.7705144581322233,0.3584106721124368,-1.0
-0.8604204725796132,0.19513535227728968,-1.0
0.1799329579664084,-0.3394809727145496,1.0
0.10948078136316292,1.0426514685694621,-1.0
1.0279605243408483,0.11171523421689344,-1.0
-0.6155200263830214,0.6830918303562383,-1.0
0.308897359440269,1.0009628368142525,-1.0
1.5032367385206882,-0.3491982858649497,1.0
2.044450661697363,-0.03374158677116246,1.0
0.47608711967629386,-0.42023178099925845,1.0
1.3419283781477762,-0.33709177719894656,1.0
1.8682270648786274,0.25277247653065116,1.0
1.7944077951637367,-0.12779518407080034,1.0
1.9110465207017926,0.47151459950512004,1.0
0.7837222303849825,0.5026666945019638,-1.0
1.6456456876969758,-0.09538608977251659,1.0
1.0647982207178268,0.23932642925890313,-1.0
-1.0974638335545868,0.022119749644935238,-1.0
-0.06861550171082341,0.9869479158354573,-1.0
1.5771598146521522,-0.3096431626907665,1.0
-0.6260233631130342,0.807768833077522,-1.0
1.750986062061189,-0.19440358305255015,1.0
0.20473822173952022,-0.20400835254073374,1.0
0.46829866302493345,-0.2665303462832144,1.0
1.0966217682560397,0.29902559970372683,-1.0
0.6411922689543303,1.0347974187986861,-1.0
-0.36484307344206923,0.6875450046208881,-1.0
1.719701797394403,-0.32377033736721766,1.0
0.06707368136812916,0.3210695720527479,1.0
0.2683810020721854,0.9805648160972668,-1.0
0.09786064140092136,0.894679029220939,-1.0
-0.11118824184794507,0.9951356848580108,-1.0
-0.07189187987342795,0.923731399535791,-1.0
0.8693530815981239,-0.20500896421469667,1.0
0.11734249581811987,0.8175042761235629,-1.0
0.6345964179606505,-0.4681157953510784,1.0
0.6797913135259208,0.6838401793989233,-1.0
0.8243615146210723,-0.5247368365330941,1.0
0.9623356591523122,0.4845645691689309,-1.0
0.15597503693767228,-0.23395000931878954,1.0
0.23307713495656895,0.9405415459686728,-1.0
-0.06840034626494698,0.9503963825418335,-1.0
1.7729480229929186,-0.14531097985044328,1.0
0.008477677621140073,1.2084193952515787,-1.0
-0.0020532660675677966,0.1843897718819596,1.0
0.6878049265379931,0.671433030932629,-1.0
0.1612413588174409,-0.2556327091269992,1.0
1.438977750977965,-0.32164187974836045,1.0
1.7857239774667324,-0.06451570698274392,1.0
-0.6687071564479581,0.7607411542729423,-1.0
0.13039421474623877,0.5201891358844882,1.0
0.01532175123066703,0.5003758855447942,1.0
-0.016415743965305624,0.19159196742223925,1.0
0.23756651334173237,1.1183322516288925,-1.0
1.4532408873781295,-0.3904949800378867,1.0
-0.6234436326011618,0.7623637021558165,-1.0
1.959839390962202,0.16427884086212308,1.0
0.23780913230279166,-0.331790640192225,1.0
-0.28137264382859295,0.7543553693419057,-1.0
1.0695012321598156,-0.11450338001348381,-1.0
0.8649637375110504,0.6646047799932318,-1.0
1.7954526540931242,0.02700358228959507,1.0
2.0501329978099583,0.28647453035196263,1.0
-0.20899177320815016,0.8698191071753294,-1.0
2.0461948373984815,0.1691747867974136,1.0
1.8674805119928972,-0.25590906888786513,1.0
0.7633188097056067,0.5610377924637793,-1.0
0.11806510156124826,1.118976941775732,-1.0
1.1926338751311678,-0.5964730269961163,1.0
1.089072543069134,-0.4406429139023684,1.0
-0.021281226882542414,0.07576610495443672,1.0
0.13746314650913397,0.33837983019153883,1.0
0.1568304665793539,-0.060083248514356646,1.0
0.10274284303861712,0.9724522624800805,-1.0
1.0686641451469672,0.1637206337213059,-1.0
0.08650865703039215,0.9508986631065627,-1.0
0.5940826032511345,0.8995742319428219,-1.0
0.25088950597693543,-0.029245963935614808,1.0
-0.5649891926725353,0.8172589448088946,-1.0
0.6028905280998085,0.8345980988073952,-1.0
1.0937263141346476,-0.5710361579832217,1.0
0.9106783641647582,0.48120741290329483,-1.0
-1.0959415620270327,0.040080625726346436,-1.0
1.8772736143243496,-0.40771504212319204,1.0
-0.9522142726227631,0.18669281827329107,-1.0
-0.028436308374312116,0.30253440211468485,1.0
0.5195792237387625,-0.4209257287393539,1.0
0.2524470314815201,0.8908764309696269,-1.0
-0.00010051661138306715,0.5813489244390956,1.0
0.44054598970804565,0.9488879880517423,-1.0
-0.6198880085463562,0.8771049229603544,-1.0
0.9220419980335213,-0.366288625761522,1.0
-0.7977213394078667,0.7435032140959992,-1.0
-0.8408840879427968,0.5899523054239559,-1.0
1.9867973073450305,0.41311697177038476,1.0
1.1104459901171007,-0.354218805023205,1.0
0.7353863457060811,-0.4012376578341523,1.0
1.0076710800289115,0.02384448279831377,-1.0
0.38714830996451066,0.03270420033063934,1.0
-0.7403806779574749,0.7110156596015014,-1.0
-0.022047969820671448,1.338178230312142,-1.0
-0.3562064523187446,1.1524741500423088,-1.0
1.7190268078420186,-0.15495973203813937,1.0
-0.8195947693684856,0.6356538180354822,-1.0
-1.126180688947397,0.192877387381889,-1.0
0.6898009092762678,-0.47558814282845524,1.0
-0.04404577156750532,0.994768689954899,-1.0
-0.03240974327564653,1.0123720050462812,-1.0
1.2762584791902052,-0.4873149609345989,1.0
1.9858474333997351,-0.20328401520665174,1.0
-0.3872802545811125,1.0352701904892956,-1.0
-0.5979631951797628,0.8906555622392491,-1.0
0.7935053712517027,-0.3107770882264643,1.0
1.7235068386750834,-0.26238069532789515,1.0
0.9317159709341418,0.2346084000495741,-1.0
-0.9186998983787796,0.3077504847202413,-1.0
0.8721712735680526,-0.010807629536145199,-1.0
0.5124940849302071,-0.3657078928546885,1.0
-0.9726791353449104,-0.0627966674800923,-1.0
-0.18859760871168818,1.1770279752953279,-1.0
1.904238554917396,0.20279375369282915,1.0
1.1984904962373304,-0.36965606455492894,1.0
-0.7530070108696977,0.7087459741334822,-1.0
-0.5044730954572003,0.8817309464369407,-1.0
-0.7334659954083202,0.43774279636548297,-1.0
-0.7266548572810658,0.7055075836321314,-1.0
1.6482619499227218,-0.10173611588283571,1.0
1.9480403199536231,0.2255261911765679,1.0
2.0406306692368728,0.09544430719561997,1.0
-0.7024035556036143,0.785257925712249,-1.0
0.09436916071757172,1.0241908658680028,-1.0
0.3456691289038817,-0.3103194486619141,1.0
0.5258194967836896,-0.34364181078459904,1.0
-0.5455464739971497,0.7064310541409109,-1.0
1.783216240247259,0.461963092339554,1.0
0.4060296810182652,-0.5647986789648283,1.0
1.9369273165915062,0.45967536550602484,1.0
0.7124974033872362,0.6865233788260734,-1.0
0.9855692088741532,-0.33904900513669456,1.0
0.30899933131365426,-0.1817075269153538,1.0
0.27588022401395484,0.8951763505325783,-1.0
0.02143415509164833,0.5574546202252344,1.0
0.0901983146143638,0.3408948541935102,1.0
1.020824263365087,0.3492707336490488,-1.0
0.6879715434474966,-0.37253569125056457,1.0
0.8460666003496443,0.8132179929745866,-1.0
0.1319493276807306,0.24892156442816496,1.0
-0.868507292579015,-0.010786744654681796,-1.0
0.19843376727938167,-0.35086101810287174,1.0
-0.1765097163460324,0.9676477794274738,-1.0
0.9472999411396292,0.5560227212153668,-1.0
0.3886878707162724,0.9532241180617425,-1.0
-0.024994720748589844,0.4759900665282165,1.0
-1.0202987633358114,0.38934243432298155,-1.0
0.9265030194458576,-0.751351860110022,1.0
1.8685523640297288,0.04105635915402601,1.0
0.08006405610251315,0.297568635044008,1.0
2.0310579530368766,0.5282516812136824,1.0
0.7296296580704043,0.5355357033051261,-1.0
0.909573915482517,0.22258264675857886,-1.0
1.0884621535556716,-0.4328075233895805,1.0
-0.8027215244046048,0.49696613926400296,-1.0
0.5118715077290179,-0.3748210019315823,1.0
-1.0398236441337503,-0.07645044613527498,-1.0
-0.9687651057639844,0.3169310887548166,-1.0
-0.3293192802964441,0.7982147379472042,-1.0
0.9549519311247645,0.7127732732485048,-1.0
1.4840683140267248,-0.3384409748229949,1.0
-0.48916295420529693,0.8057107541514595,-1.0
0.6655113437093247,0.6648076474325817,-1.0
-1.0810953063824071,0.018282962660343346,-1.0
0.07215373844404857,0.3416036405006041,1.0
2.0351351500434838,0.5229965547935244,1.0
1.1811823055529742,-0.5008520715609808,1.0
1.119062125557594,-0.5361931867338816,1.0
1.8628066655984632,-0.2281971028003077,1.0
1.553239486681066,-0.536235293036809,1.0
-0.22737572789209062,0.9042392288498168,-1.0
0.41721016837857017,-0.3576914156547665,1.0
0.12959930184026214,-0.09956785247068789,1.0
1.5825722951641097,-0.20630256241183575,1.0
0.7220968557031641,0.7844099111169198,-1.0
-0.4144081109520384,0.8223935989966935,-1.0
1.9624202407532416,0.4434087273306285,1.0
0.850872492906868,-0.4812179976351886,1.0
2.0109344742853996,0.13478688823432405,1.0
-0.8507343666709976,0.5526912311910627,-1.0
0.5349168560413331,-0.511426630799456,1.0
2.0412174636180387,0.20362797331940463,1.0
0.7811051396734963,-0.444617647003126,1.0
1.3382051382117,-0.29642252991689116,1.0
-0.08692987747835575,0.21822630225057799,1.0
1.1549694140231421,-0.46082481347031357,1.0
1.0153087699278052,-0.393992923371407,1.0
1.92312561883768,0.15829534593191497,1.0
-0.017982392232111656,0.6195188971958379,1.0
1.7419639157373978,0.35418927240726045,1.0
0.49879067754662343,0.6274830928594731,-1.0
1.9190555543145524,-0.1782732523272706,1.0
-0.528916603233862,0.7125124133005157,-1.0
1.0302384585097866,-0.5541061913316079,1.0
0.8571435950073794,-0.35754675013233,1.0
0.28524719276990146,-0.20265084919324622,1.0
1.6732383841911702,-0.2517658372841447,1.0
0.37644488655769,-0.1064193845719146,1.0
0.128681368453215,-0.024440593711870642,1.0
0.1494029709045616,-0.07336912552666783,1.0
-0.0511112274828546,-0.005677648236566914,1.0
-0.05157694550703697,0.21754262844997715,1.0
-0.9089497881130008,0.5180529700092654,-1.0
0.38826242799218735,0.8032523244062992,-1.0
1.4820458612451037,-0.34256973635262206,1.0
-0.8329833618572088,0.37735855795958223,-1.0
0.31881655658877056,-0.14505676434899634,1.0
1.7329670673503896,-0.1904272110756702,1.0
-0.5837219831470707,0.7496200180764351,-1.0
0.9700183357615171,-0.4154858062473995,1.0
0.39556763481381735,-0.2675868551639603,1.0
1.0341772245351284,-0.4141343572450643,1.0
0.8991909992530831,0.3705654346318107,-1.0
1.4654187307406794,-0.5096648366908927,1.0
0.22454599653603463,1.1181058285222576,-1.0
1.7356556703152737,-0.179539926337387,1.0
0.17818725314688028,-0.1729524335581153,1.0
1.864677732923906,0.39053238467528484,1.0
-0.7782281026372514,0.6580663567508389,-1.0
0.6903798998341866,0.15326849300974582,-1.0
0.9571857092244714,-0.46424478981843004,1.0
0.8904497845466633,0.5160616314296551,-1.0
1.3227642394991903,-0.5452153078347087,1.0
0.693824330972379,0.6614439998816876,-1.0
0.5198369413334267,-0.5378082322948575,1.0
1.055938810899509,0.24367080206774508,-1.0
2.0306399565212447,0.42825057979105524,1.0
-0.8915484645458166,0.5268806292084156,-1.0
-0.8517431338212201,0.7051926189777905,-1.0
-0.13426529341133253,1.016634491195131,-1.0
0.9735625667652422,0.476382153294427,-1.0
1.0790411831806983,0.334809878719706,-1.0
0.8505386834837607,0.4311217565572941,-1.0
1.777888498546191,-0.16445935975195167,1.0
-0.587572722859184,0.6995524119968718,-1.0
0.5495413868992415,-0.3349122884207126,1.0
-0.9538584869815525,0.22188259185287926,-1.0
0.4302729586440933,0.9857672061863528,-1.0
0.056960070688513324,1.0102576326008286,-1.0
1.774840938994672,-0.3530346096748611,1.0
0.36794066591508184,0.6721860095749886,-1.0
0.5979723950421182,0.7234199922816759,-1.0
